{
    "baseline": {
        "task_a": {
            "accuracy": 0.9200000166893004,
            "loss": 0.2088916599750518
        },
        "task_b": {
            "accuracy": 0.8840000033378601,
            "loss": 0.3358130156993866
        }
    },
    "pcgrad": {
        "task_a": {
            "accuracy": 0.9129999876022339,
            "loss": 0.2558543086051941
        },
        "task_b": {
            "accuracy": 0.9079999923706055,
            "loss": 0.2383841574192047
        }
    }
}