{
    "baseline": {
        "task_a": {
            "accuracy": 0.906000018119812,
            "loss": 0.2484352439641952
        },
        "task_b": {
            "accuracy": 0.8840000033378601,
            "loss": 0.3189300298690796
        }
    },
    "pcgrad": {
        "task_a": {
            "accuracy": 0.9010000228881836,
            "loss": 0.26612818241119385
        },
        "task_b": {
            "accuracy": 0.9039999842643738,
            "loss": 0.28430649638175964
        }
    }
}